"collectionCode","catalogNumber","verbatimWaterBody","Waterbody","verbatimContinent","Continent"
"Mammals","42436",,"Indian Ocean","Africa","Africa"
"Mammals","42382",,"Indian Ocean","Africa","Africa"
"Mammals","42380",,"Indian Ocean","Africa","Africa"
"Mammals","42360",,"Indian Ocean","Africa","Africa"
"Mammals","42361",,"Indian Ocean","Africa","Africa"
"Mammals","42259",,"Indian Ocean","Africa","Africa"
"Mammals","42256",,"Indian Ocean","Africa","Africa"
"Mammals","42257",,"Indian Ocean","Africa","Africa"
"Mammals","42314",,"Indian Ocean","Africa","Africa"
"Mammals","42379",,"Indian Ocean","Africa","Africa"
"Mammals","42353",,"Indian Ocean","Africa","Africa"
"Mammals","42258",,"Indian Ocean","Africa","Africa"
"Mammals","42305",,"Indian Ocean","Africa","Africa"
"Mammals","42317",,"Indian Ocean","Africa","Africa"
"Mammals","42316",,"Indian Ocean","Africa","Africa"
"Mammals","42315",,"Indian Ocean","Africa","Africa"
"Mammals","42313",,"Indian Ocean","Africa","Africa"
"Mammals","42312",,"Indian Ocean","Africa","Africa"
"Mammals","42311",,"Indian Ocean","Africa","Africa"
"Mammals","42310",,"Indian Ocean","Africa","Africa"
"Mammals","42309",,"Indian Ocean","Africa","Africa"
"Mammals","42376",,"Indian Ocean","Africa","Africa"
"Mammals","42334",,"Indian Ocean","Africa","Africa"
"Mammals","42262",,"Indian Ocean","Africa","Africa"
"Mammals","42173",,"Indian Ocean","Africa","Africa"
"Mammals","42225",,"Indian Ocean","Africa","Africa"
"Mammals","42282",,"Indian Ocean","Africa","Africa"
"Mammals","42284",,"Indian Ocean","Africa","Africa"
"Mammals","42287",,"Indian Ocean","Africa","Africa"
"Mammals","42288",,"Indian Ocean","Africa","Africa"
"Mammals","42290",,"Indian Ocean","Africa","Africa"
"Mammals","42292",,"Indian Ocean","Africa","Africa"
"Mammals","42293",,"Indian Ocean","Africa","Africa"
"Mammals","42295",,"Indian Ocean","Africa","Africa"
"Mammals","42167",,"Indian Ocean","Africa","Africa"
"Mammals","42279",,"Indian Ocean","Africa","Africa"
"Mammals","42375",,"Indian Ocean","Africa","Africa"
"Mammals","42296",,"Indian Ocean","Africa","Africa"
"Mammals","42277",,"Indian Ocean","Africa","Africa"
"Mammals","42276",,"Indian Ocean","Africa","Africa"
"Mammals","42355",,"Indian Ocean","Africa","Africa"
"Mammals","42356",,"Indian Ocean","Africa","Africa"
"Mammals","42174",,"Indian Ocean","Africa","Africa"
"Mammals","42175",,"Indian Ocean","Africa","Africa"
"Mammals","42176",,"Indian Ocean","Africa","Africa"
"Mammals","42177",,"Indian Ocean","Africa","Africa"
"Mammals","42178",,"Indian Ocean","Africa","Africa"
"Mammals","42179",,"Indian Ocean","Africa","Africa"
"Mammals","42300",,"Indian Ocean","Africa","Africa"
"Mammals","41840",,"Indian Ocean","Africa","Africa"
"Mammals","42341",,"Indian Ocean","Africa","Africa"
"Mammals","42223",,"Indian Ocean","Africa","Africa"
"Mammals","42332",,"Indian Ocean","Africa","Africa"
"Mammals","42352",,"Indian Ocean","Africa","Africa"
"Mammals","42736",,"Indian Ocean","Africa","Africa"
"Mammals","42735",,"Indian Ocean","Africa","Africa"
"Mammals","42734",,"Indian Ocean","Africa","Africa"
"Mammals","42330",,"Indian Ocean","Africa","Africa"
"Mammals","42325",,"Indian Ocean","Africa","Africa"
"Mammals","42324",,"Indian Ocean","Africa","Africa"
"Mammals","42264",,"Indian Ocean","Africa","Africa"
"Mammals","42322",,"Indian Ocean","Africa","Africa"
"Mammals","42344",,"Indian Ocean","Africa","Africa"
"Mammals","42321",,"Indian Ocean","Africa","Africa"
"Mammals","42320",,"Indian Ocean","Africa","Africa"
"Mammals","42333",,"Indian Ocean","Africa","Africa"
"Mammals","42200",,"Indian Ocean","Africa","Africa"
"Mammals","42249",,"Indian Ocean","Africa","Africa"
"Mammals","42188",,"Indian Ocean","Africa","Africa"
"Mammals","42227",,"Indian Ocean","Africa","Africa"
"Mammals","42228",,"Indian Ocean","Africa","Africa"
"Mammals","42238",,"Indian Ocean","Africa","Africa"
"Mammals","42239",,"Indian Ocean","Africa","Africa"
"Mammals","42323",,"Indian Ocean","Africa","Africa"
"Mammals","42365",,"Indian Ocean","Africa","Africa"
"Mammals","42318",,"Indian Ocean","Africa","Africa"
"Mammals","42306",,"Indian Ocean","Africa","Africa"
"Mammals","42319",,"Indian Ocean","Africa","Africa"
"Mammals","42304",,"Indian Ocean","Africa","Africa"
"Mammals","42303",,"Indian Ocean","Africa","Africa"
"Mammals","42302",,"Indian Ocean","Africa","Africa"
"Mammals","42301",,"Indian Ocean","Africa","Africa"
"Mammals","42267",,"Indian Ocean","Africa","Africa"
"Mammals","42266",,"Indian Ocean","Africa","Africa"
"Mammals","42265",,"Indian Ocean","Africa","Africa"
"Mammals","42342",,"Indian Ocean","Africa","Africa"
"Mammals","42263",,"Indian Ocean","Africa","Africa"
"Mammals","42343",,"Indian Ocean","Africa","Africa"
"Mammals","42261",,"Indian Ocean","Africa","Africa"
"Mammals","42307",,"Indian Ocean","Africa","Africa"
"Mammals","42331",,"Indian Ocean","Africa","Africa"
"Mammals","42351",,"Indian Ocean","Africa","Africa"
"Mammals","42350",,"Indian Ocean","Africa","Africa"
"Mammals","42349",,"Indian Ocean","Africa","Africa"
"Mammals","42348",,"Indian Ocean","Africa","Africa"
"Mammals","42347",,"Indian Ocean","Africa","Africa"
"Mammals","42346",,"Indian Ocean","Africa","Africa"
"Mammals","42345",,"Indian Ocean","Africa","Africa"
"Mammals","42308",,"Indian Ocean","Africa","Africa"
"Mammals","42198",,"Indian Ocean","Africa","Africa"
"Mammals","42371",,"Indian Ocean","Africa","Africa"
"Mammals","42143",,"Indian Ocean","Africa","Africa"
"Mammals","42420",,"Indian Ocean","Africa","Africa"
"Mammals","42428",,"Indian Ocean","Africa","Africa"
"Mammals","42393",,"Indian Ocean","Africa","Africa"
"Mammals","42400",,"Indian Ocean","Africa","Africa"
"Mammals","42391",,"Indian Ocean","Africa","Africa"
"Mammals","42429",,"Indian Ocean","Africa","Africa"
"Mammals","42392",,"Indian Ocean","Africa","Africa"
"Mammals","42427",,"Indian Ocean","Africa","Africa"
"Mammals","42426",,"Indian Ocean","Africa","Africa"
"Mammals","42412",,"Indian Ocean","Africa","Africa"
"Mammals","42387",,"Indian Ocean","Africa","Africa"
"Mammals","42414",,"Indian Ocean","Africa","Africa"
"Mammals","42370",,"Indian Ocean","Africa","Africa"
"Mammals","42415",,"Indian Ocean","Africa","Africa"
"Mammals","42430",,"Indian Ocean","Africa","Africa"
"Mammals","42144",,"Indian Ocean","Africa","Africa"
"Mammals","42138",,"Indian Ocean","Africa","Africa"
"Mammals","42137",,"Indian Ocean","Africa","Africa"
"Mammals","42136",,"Indian Ocean","Africa","Africa"
"Mammals","42135",,"Indian Ocean","Africa","Africa"
"Mammals","42141",,"Indian Ocean","Africa","Africa"
"Mammals","42363",,"Indian Ocean","Africa","Africa"
"Mammals","42388",,"Indian Ocean","Africa","Africa"
"Mammals","42425",,"Indian Ocean","Africa","Africa"
"Mammals","42275",,"Indian Ocean","Africa","Africa"
"Mammals","42274",,"Indian Ocean","Africa","Africa"
"Mammals","42273",,"Indian Ocean","Africa","Africa"
"Mammals","42271",,"Indian Ocean","Africa","Africa"
"Mammals","42270",,"Indian Ocean","Africa","Africa"
"Mammals","42269",,"Indian Ocean","Africa","Africa"
"Mammals","42280",,"Indian Ocean","Africa","Africa"
"Mammals","42281",,"Indian Ocean","Africa","Africa"
"Mammals","42140",,"Indian Ocean","Africa","Africa"
"Mammals","42362",,"Indian Ocean","Africa","Africa"
"Mammals","42411",,"Indian Ocean","Africa","Africa"
"Mammals","42390",,"Indian Ocean","Africa","Africa"
"Mammals","42409",,"Indian Ocean","Africa","Africa"
"Mammals","42424",,"Indian Ocean","Africa","Africa"
"Mammals","42423",,"Indian Ocean","Africa","Africa"
"Mammals","42422",,"Indian Ocean","Africa","Africa"
"Mammals","42421",,"Indian Ocean","Africa","Africa"
"Mammals","42410",,"Indian Ocean","Africa","Africa"
"Mammals","42419",,"Indian Ocean","Africa","Africa"
"Mammals","42369",,"Indian Ocean","Africa","Africa"
"Mammals","42150",,"Indian Ocean","Africa","Africa"
"Mammals","42416",,"Indian Ocean","Africa","Africa"
"Mammals","42139",,"Indian Ocean","Africa","Africa"
"Mammals","42418",,"Indian Ocean","Africa","Africa"
"Mammals","42395",,"Indian Ocean","Africa","Africa"
"Mammals","42417",,"Indian Ocean","Africa","Africa"
"Mammals","42408",,"Indian Ocean","Africa","Africa"
"Mammals","42404",,"Indian Ocean","Africa","Africa"
"Mammals","42402",,"Indian Ocean","Africa","Africa"
"Mammals","42405",,"Indian Ocean","Africa","Africa"
"Mammals","42401",,"Indian Ocean","Africa","Africa"
"Mammals","42367",,"Indian Ocean","Africa","Africa"
"Mammals","42366",,"Indian Ocean","Africa","Africa"
"Mammals","42364",,"Indian Ocean","Africa","Africa"
"Mammals","42403",,"Indian Ocean","Africa","Africa"
"Mammals","42406",,"Indian Ocean","Africa","Africa"
"Mammals","42394",,"Indian Ocean","Africa","Africa"
"Mammals","42142",,"Indian Ocean","Africa","Africa"
"Mammals","42396",,"Indian Ocean","Africa","Africa"
"Mammals","42389",,"Indian Ocean","Africa","Africa"
"Mammals","42357",,"Indian Ocean","Africa","Africa"
"Mammals","42354",,"Indian Ocean","Africa","Africa"
"Mammals","42358",,"Indian Ocean","Africa","Africa"
"Mammals","42359",,"Indian Ocean","Africa","Africa"
"Mammals","42329",,"Indian Ocean","Africa","Africa"
"Mammals","42328",,"Indian Ocean","Africa","Africa"
"Mammals","42327",,"Indian Ocean","Africa","Africa"
"Mammals","42326",,"Indian Ocean","Africa","Africa"
"Mammals","42289",,"Indian Ocean","Africa","Africa"
"Mammals","42147",,"Indian Ocean","Africa","Africa"
"Mammals","42720",,"Indian Ocean","Africa","Africa"
"Mammals","42732",,"Indian Ocean","Africa","Africa"
"Mammals","42731",,"Indian Ocean","Africa","Africa"
"Mammals","42729",,"Indian Ocean","Africa","Africa"
"Mammals","42727",,"Indian Ocean","Africa","Africa"
"Mammals","42726",,"Indian Ocean","Africa","Africa"
"Mammals","42042",,"Indian Ocean","Africa","Africa"
"Mammals","42260",,"Indian Ocean","Africa","Africa"
"Mammals","42724",,"Indian Ocean","Africa","Africa"
"Mammals","42229",,"Indian Ocean","Africa","Africa"
"Mammals","42407",,"Indian Ocean","Africa","Africa"
"Mammals","42146",,"Indian Ocean","Africa","Africa"
"Mammals","42236",,"Indian Ocean","Africa","Africa"
"Mammals","42148",,"Indian Ocean","Africa","Africa"
"Mammals","42149",,"Indian Ocean","Africa","Africa"
"Mammals","42730",,"Indian Ocean","Africa","Africa"
"Mammals","42719",,"Indian Ocean","Africa","Africa"
"Mammals","42723",,"Indian Ocean","Africa","Africa"
"Mammals","42722",,"Indian Ocean","Africa","Africa"
"Mammals","42728",,"Indian Ocean","Africa","Africa"
"Mammals","42733",,"Indian Ocean","Africa","Africa"
"Mammals","42151",,"Indian Ocean","Africa","Africa"
"Mammals","42368",,"Indian Ocean","Africa","Africa"
"Mammals","42145",,"Indian Ocean","Africa","Africa"
"Mammals","42063",,"Indian Ocean","Africa","Africa"
"Mammals","42049",,"Indian Ocean","Africa","Africa"
"Mammals","46928",,"Indian Ocean","Africa","Africa"
"Mammals","42044",,"Indian Ocean","Africa","Africa"
"Mammals","42043",,"Indian Ocean","Africa","Africa"
"Mammals","46897",,"Indian Ocean","Africa","Africa"
"Mammals","42011",,"Indian Ocean","Africa","Africa"
"Mammals","42016",,"Indian Ocean","Africa","Africa"
"Mammals","42010",,"Indian Ocean","Africa","Africa"
"Mammals","42067",,"Indian Ocean","Africa","Africa"
"Mammals","42057",,"Indian Ocean","Africa","Africa"
"Mammals","42058",,"Indian Ocean","Africa","Africa"
"Mammals","42059",,"Indian Ocean","Africa","Africa"
"Mammals","42060",,"Indian Ocean","Africa","Africa"
"Mammals","42061",,"Indian Ocean","Africa","Africa"
"Mammals","42039",,"Indian Ocean","Africa","Africa"
"Mammals","86034",,"Indian Ocean","Africa","Africa"
"Mammals","42195",,"Indian Ocean","Africa","Africa"
"Mammals","42046",,"Indian Ocean","Africa","Africa"
"Mammals","42045",,"Indian Ocean","Africa","Africa"
"Mammals","42006",,"Indian Ocean","Africa","Africa"
"Mammals","42050",,"Indian Ocean","Africa","Africa"
"Mammals","42003",,"Indian Ocean","Africa","Africa"
"Mammals","41841",,"Indian Ocean","Africa","Africa"
"Mammals","42065",,"Indian Ocean","Africa","Africa"
"Mammals","42015",,"Indian Ocean","Africa","Africa"
"Mammals","42007",,"Indian Ocean","Africa","Africa"
"Mammals","42008",,"Indian Ocean","Africa","Africa"
"Mammals","42040",,"Indian Ocean","Africa","Africa"
"Mammals","42034",,"Indian Ocean","Africa","Africa"
"Mammals","42009",,"Indian Ocean","Africa","Africa"
"Mammals","42004",,"Indian Ocean","Africa","Africa"
"Mammals","42442",,"Indian Ocean","Africa","Africa"
"Mammals","41973",,"Indian Ocean","Africa","Africa"
"Mammals","41972",,"Indian Ocean","Africa","Africa"
"Mammals","41974",,"Indian Ocean","Africa","Africa"
"Mammals","41944",,"Indian Ocean","Africa","Africa"
"Mammals","41986",,"Indian Ocean","Africa","Africa"
"Mammals","42062",,"Indian Ocean","Africa","Africa"
"Mammals","41942",,"Indian Ocean","Africa","Africa"
"Mammals","42116",,"Indian Ocean","Africa","Africa"
"Mammals","42453",,"Indian Ocean","Africa","Africa"
"Mammals","42441",,"Indian Ocean","Africa","Africa"
"Mammals","42439",,"Indian Ocean","Africa","Africa"
"Mammals","42115",,"Indian Ocean","Africa","Africa"
"Mammals","42125",,"Indian Ocean","Africa","Africa"
"Mammals","42124",,"Indian Ocean","Africa","Africa"
"Mammals","41943",,"Indian Ocean","Africa","Africa"
"Mammals","42127",,"Indian Ocean","Africa","Africa"
"Mammals","42051",,"Indian Ocean","Africa","Africa"
"Mammals","42066",,"Indian Ocean","Africa","Africa"
"Mammals","42129",,"Indian Ocean","Africa","Africa"
"Mammals","42068",,"Indian Ocean","Africa","Africa"
"Mammals","42069",,"Indian Ocean","Africa","Africa"
"Mammals","42070",,"Indian Ocean","Africa","Africa"
"Mammals","42128",,"Indian Ocean","Africa","Africa"
"Mammals","42126",,"Indian Ocean","Africa","Africa"
"Mammals","42121",,"Indian Ocean","Africa","Africa"
"Mammals","42122",,"Indian Ocean","Africa","Africa"
"Mammals","42120",,"Indian Ocean","Africa","Africa"
"Mammals","42119",,"Indian Ocean","Africa","Africa"
"Mammals","42118",,"Indian Ocean","Africa","Africa"
"Mammals","42117",,"Indian Ocean","Africa","Africa"
"Mammals","42064",,"Indian Ocean","Africa","Africa"
"Mammals","42114",,"Indian Ocean","Africa","Africa"
"Mammals","51117",,"Indian Ocean","Africa","Africa"
"Mammals","42047",,"Indian Ocean","Africa","Africa"
"Mammals","51619",,"Indian Ocean","Africa","Africa"
"Mammals","42072",,"Indian Ocean","Africa","Africa"
"Mammals","42132",,"Indian Ocean","Africa","Africa"
"Mammals","51114",,"Indian Ocean","Africa","Africa"
"Mammals","42037",,"Indian Ocean","Africa","Africa"
"Mammals","51116",,"Indian Ocean","Africa","Africa"
"Mammals","51121",,"Indian Ocean","Africa","Africa"
"Mammals","51118",,"Indian Ocean","Africa","Africa"
"Mammals","51119",,"Indian Ocean","Africa","Africa"
"Mammals","51120",,"Indian Ocean","Africa","Africa"
"Mammals","42041",,"Indian Ocean","Africa","Africa"
"Mammals","42131",,"Indian Ocean","Africa","Africa"
"Mammals","42130",,"Indian Ocean","Africa","Africa"
"Mammals","51115",,"Indian Ocean","Africa","Africa"
"Mammals","46896",,"Indian Ocean","Africa","Africa"
"Mammals","42056",,"Indian Ocean","Africa","Africa"
"Mammals","42456",,"Indian Ocean","Africa","Africa"
"Mammals","51125",,"Indian Ocean","Africa","Africa"
"Mammals","51124",,"Indian Ocean","Africa","Africa"
"Mammals","51123",,"Indian Ocean","Africa","Africa"
"Mammals","42071",,"Indian Ocean","Africa","Africa"
"Mammals","51127",,"Indian Ocean","Africa","Africa"
"Mammals","42024",,"Indian Ocean","Africa","Africa"
"Mammals","51128",,"Indian Ocean","Africa","Africa"
"Mammals","42455",,"Indian Ocean","Africa","Africa"
"Mammals","42454",,"Indian Ocean","Africa","Africa"
"Mammals","42111",,"Indian Ocean","Africa","Africa"
"Mammals","42055",,"Indian Ocean","Africa","Africa"
"Mammals","51126",,"Indian Ocean","Africa","Africa"
"Mammals","51122",,"Indian Ocean","Africa","Africa"
"Mammals","46927",,"Indian Ocean","Africa","Africa"
"Mammals","42031",,"Indian Ocean","Africa","Africa"
"Mammals","42030",,"Indian Ocean","Africa","Africa"
"Mammals","42029",,"Indian Ocean","Africa","Africa"
"Mammals","42027",,"Indian Ocean","Africa","Africa"
"Mammals","42054",,"Indian Ocean","Africa","Africa"
"Mammals","42013",,"Indian Ocean","Africa","Africa"
"Mammals","42005",,"Indian Ocean","Africa","Africa"
"Mammals","42038",,"Indian Ocean","Africa","Africa"
"Mammals","46901",,"Indian Ocean","Africa","Africa"
"Mammals","46900",,"Indian Ocean","Africa","Africa"
"Mammals","46899",,"Indian Ocean","Africa","Africa"
"Mammals","46898",,"Indian Ocean","Africa","Africa"
"Mammals","42053",,"Indian Ocean","Africa","Africa"
"Mammals","42052",,"Indian Ocean","Africa","Africa"
"Mammals","42048",,"Indian Ocean","Africa","Africa"
"Mammals","42014",,"Indian Ocean","Africa","Africa"
"Mammals","42452",,"Indian Ocean","Africa","Africa"
"Mammals","42023",,"Indian Ocean","Africa","Africa"
"Mammals","42022",,"Indian Ocean","Africa","Africa"
"Mammals","42021",,"Indian Ocean","Africa","Africa"
"Mammals","42020",,"Indian Ocean","Africa","Africa"
"Mammals","42019",,"Indian Ocean","Africa","Africa"
"Mammals","42032",,"Indian Ocean","Africa","Africa"
"Mammals","42026",,"Indian Ocean","Africa","Africa"
"Mammals","42033",,"Indian Ocean","Africa","Africa"
"Mammals","42018",,"Indian Ocean","Africa","Africa"
"Mammals","42012",,"Indian Ocean","Africa","Africa"
"Mammals","42028",,"Indian Ocean","Africa","Africa"
"Mammals","42035",,"Indian Ocean","Africa","Africa"
"Mammals","42036",,"Indian Ocean","Africa","Africa"
"Mammals","42025",,"Indian Ocean","Africa","Africa"
"Mammals","42017",,"Indian Ocean","Africa","Africa"
"Mammals","42183",,"Indian Ocean","Africa","Africa"
"Mammals","42123",,"Indian Ocean","Africa","Africa"
"Mammals","42221",,"Indian Ocean","Africa","Africa"
"Mammals","42231",,"Indian Ocean","Africa","Africa"
"Mammals","42339",,"Indian Ocean","Africa","Africa"
"Mammals","42213",,"Indian Ocean","Africa","Africa"
"Mammals","42219",,"Indian Ocean","Africa","Africa"
"Mammals","42184",,"Indian Ocean","Africa","Africa"
"Mammals","42218",,"Indian Ocean","Africa","Africa"
"Mammals","42182",,"Indian Ocean","Africa","Africa"
"Mammals","42245",,"Indian Ocean","Africa","Africa"
"Mammals","42181",,"Indian Ocean","Africa","Africa"
"Mammals","42180",,"Indian Ocean","Africa","Africa"
"Mammals","42154",,"Indian Ocean","Africa","Africa"
"Mammals","42164",,"Indian Ocean","Africa","Africa"
"Mammals","42243",,"Indian Ocean","Africa","Africa"
"Mammals","42209",,"Indian Ocean","Africa","Africa"
"Mammals","42232",,"Indian Ocean","Africa","Africa"
"Mammals","42234",,"Indian Ocean","Africa","Africa"
"Mammals","42207",,"Indian Ocean","Africa","Africa"
"Mammals","42215",,"Indian Ocean","Africa","Africa"
"Mammals","42224",,"Indian Ocean","Africa","Africa"
"Mammals","42220",,"Indian Ocean","Africa","Africa"
"Mammals","42208",,"Indian Ocean","Africa","Africa"
"Mammals","42246",,"Indian Ocean","Africa","Africa"
"Mammals","42210",,"Indian Ocean","Africa","Africa"
"Mammals","42211",,"Indian Ocean","Africa","Africa"
"Mammals","42212",,"Indian Ocean","Africa","Africa"
"Mammals","42214",,"Indian Ocean","Africa","Africa"
"Mammals","42216",,"Indian Ocean","Africa","Africa"
"Mammals","42217",,"Indian Ocean","Africa","Africa"
"Mammals","42205",,"Indian Ocean","Africa","Africa"
"Mammals","42191",,"Indian Ocean","Africa","Africa"
"Mammals","42186",,"Indian Ocean","Africa","Africa"
"Mammals","42197",,"Indian Ocean","Africa","Africa"
"Mammals","42721",,"Indian Ocean","Africa","Africa"
"Mammals","42335",,"Indian Ocean","Africa","Africa"
"Mammals","42194",,"Indian Ocean","Africa","Africa"
"Mammals","42156",,"Indian Ocean","Africa","Africa"
"Mammals","42192",,"Indian Ocean","Africa","Africa"
"Mammals","42201",,"Indian Ocean","Africa","Africa"
"Mammals","42190",,"Indian Ocean","Africa","Africa"
"Mammals","42189",,"Indian Ocean","Africa","Africa"
"Mammals","42187",,"Indian Ocean","Africa","Africa"
"Mammals","42242",,"Indian Ocean","Africa","Africa"
"Mammals","42241",,"Indian Ocean","Africa","Africa"
"Mammals","42240",,"Indian Ocean","Africa","Africa"
"Mammals","42193",,"Indian Ocean","Africa","Africa"
"Mammals","42196",,"Indian Ocean","Africa","Africa"
"Mammals","42206",,"Indian Ocean","Africa","Africa"
"Mammals","42244",,"Indian Ocean","Africa","Africa"
"Mammals","42226",,"Indian Ocean","Africa","Africa"
"Mammals","42237",,"Indian Ocean","Africa","Africa"
"Mammals","42248",,"Indian Ocean","Africa","Africa"
"Mammals","42247",,"Indian Ocean","Africa","Africa"
"Mammals","42199",,"Indian Ocean","Africa","Africa"
"Mammals","42340",,"Indian Ocean","Africa","Africa"
"Mammals","42185",,"Indian Ocean","Africa","Africa"
"Mammals","42338",,"Indian Ocean","Africa","Africa"
"Mammals","42337",,"Indian Ocean","Africa","Africa"
"Mammals","42336",,"Indian Ocean","Africa","Africa"
"Mammals","42203",,"Indian Ocean","Africa","Africa"
"Mammals","42202",,"Indian Ocean","Africa","Africa"
"Mammals","42286",,"Indian Ocean","Africa","Africa"
"Mammals","42222",,"Indian Ocean","Africa","Africa"
"Mammals","42160",,"Indian Ocean","Africa","Africa"
"Mammals","42168",,"Indian Ocean","Africa","Africa"
"Mammals","42294",,"Indian Ocean","Africa","Africa"
"Mammals","42165",,"Indian Ocean","Africa","Africa"
"Mammals","42297",,"Indian Ocean","Africa","Africa"
"Mammals","42163",,"Indian Ocean","Africa","Africa"
"Mammals","42134",,"Indian Ocean","Africa","Africa"
"Mammals","42161",,"Indian Ocean","Africa","Africa"
"Mammals","42171",,"Indian Ocean","Africa","Africa"
"Mammals","42159",,"Indian Ocean","Africa","Africa"
"Mammals","42158",,"Indian Ocean","Africa","Africa"
"Mammals","42157",,"Indian Ocean","Africa","Africa"
"Mammals","42155",,"Indian Ocean","Africa","Africa"
"Mammals","42153",,"Indian Ocean","Africa","Africa"
"Mammals","42204",,"Indian Ocean","Africa","Africa"
"Mammals","42162",,"Indian Ocean","Africa","Africa"
"Mammals","42285",,"Indian Ocean","Africa","Africa"
"Mammals","42230",,"Indian Ocean","Africa","Africa"
"Mammals","42451",,"Indian Ocean","Africa","Africa"
"Mammals","42450",,"Indian Ocean","Africa","Africa"
"Mammals","42449",,"Indian Ocean","Africa","Africa"
"Mammals","42445",,"Indian Ocean","Africa","Africa"
"Mammals","42448",,"Indian Ocean","Africa","Africa"
"Mammals","42169",,"Indian Ocean","Africa","Africa"
"Mammals","42447",,"Indian Ocean","Africa","Africa"
"Mammals","42170",,"Indian Ocean","Africa","Africa"
"Mammals","42283",,"Indian Ocean","Africa","Africa"
"Mammals","42278",,"Indian Ocean","Africa","Africa"
"Mammals","42272",,"Indian Ocean","Africa","Africa"
"Mammals","42268",,"Indian Ocean","Africa","Africa"
"Mammals","42172",,"Indian Ocean","Africa","Africa"
"Mammals","42133",,"Indian Ocean","Africa","Africa"
"Mammals","42446",,"Indian Ocean","Africa","Africa"
"Mammals","42255",,"Indian Ocean","Africa","Africa"
"Mammals","42374",,"Indian Ocean","Africa","Africa"
"Mammals","42373",,"Indian Ocean","Africa","Africa"
"Mammals","42372",,"Indian Ocean","Africa","Africa"
"Mammals","42299",,"Indian Ocean","Africa","Africa"
"Mammals","42298",,"Indian Ocean","Africa","Africa"
"Mammals","42152",,"Indian Ocean","Africa","Africa"
"Mammals","42235",,"Indian Ocean","Africa","Africa"
"Mammals","42291",,"Indian Ocean","Africa","Africa"
"Mammals","42254",,"Indian Ocean","Africa","Africa"
"Mammals","42253",,"Indian Ocean","Africa","Africa"
"Mammals","42252",,"Indian Ocean","Africa","Africa"
"Mammals","42251",,"Indian Ocean","Africa","Africa"
"Mammals","42250",,"Indian Ocean","Africa","Africa"
"Mammals","42440",,"Indian Ocean","Africa","Africa"
"Mammals","42383",,"Indian Ocean","Africa","Africa"
"Mammals","42399",,"Indian Ocean","Africa","Africa"
"Mammals","42166",,"Indian Ocean","Africa","Africa"
"Mammals","42381",,"Indian Ocean","Africa","Africa"
"Mammals","42435",,"Indian Ocean","Africa","Africa"
"Mammals","42434",,"Indian Ocean","Africa","Africa"
"Mammals","42433",,"Indian Ocean","Africa","Africa"
"Mammals","42432",,"Indian Ocean","Africa","Africa"
"Mammals","42377",,"Indian Ocean","Africa","Africa"
"Mammals","42413",,"Indian Ocean","Africa","Africa"
"Mammals","42378",,"Indian Ocean","Africa","Africa"
"Mammals","42398",,"Indian Ocean","Africa","Africa"
"Mammals","42397",,"Indian Ocean","Africa","Africa"
"Mammals","42386",,"Indian Ocean","Africa","Africa"
"Mammals","42385",,"Indian Ocean","Africa","Africa"
"Mammals","42384",,"Indian Ocean","Africa","Africa"
"Mammals","42233",,"Indian Ocean","Africa","Africa"
"Mammals","42431",,"Indian Ocean","Africa","Africa"
"Mammals","42478",,"Indian Ocean","Africa","Africa"
"Mammals","42471",,"Indian Ocean","Africa","Africa"
"Mammals","42472",,"Indian Ocean","Africa","Africa"
"Mammals","42473",,"Indian Ocean","Africa","Africa"
"Mammals","42474",,"Indian Ocean","Africa","Africa"
"Mammals","42475",,"Indian Ocean","Africa","Africa"
"Mammals","42477",,"Indian Ocean","Africa","Africa"
"Mammals","3405090032",,"Indian Ocean","Africa","Africa"
"Mammals","3405090030",,"Indian Ocean","Africa","Africa"
"Mammals","42476",,"Indian Ocean","Africa","Africa"
"Mammals","42725",,"Indian Ocean","Africa","Africa"
"Mammals","42600",,"Indian Ocean","Africa","Africa"
"Mammals","42626",,"Indian Ocean","Africa","Africa"
"Mammals","42712",,"Indian Ocean","Africa","Africa"
"Mammals","42582",,"Indian Ocean","Africa","Africa"
"Mammals","42581",,"Indian Ocean","Africa","Africa"
"Mammals","42580",,"Indian Ocean","Africa","Africa"
"Mammals","42711",,"Indian Ocean","Africa","Africa"
"Mammals","42652",,"Indian Ocean","Africa","Africa"
"Mammals","42651",,"Indian Ocean","Africa","Africa"
"Mammals","42578",,"Indian Ocean","Africa","Africa"
"Mammals","42598",,"Indian Ocean","Africa","Africa"
"Mammals","42603",,"Indian Ocean","Africa","Africa"
"Mammals","42594",,"Indian Ocean","Africa","Africa"
"Mammals","42599",,"Indian Ocean","Africa","Africa"
"Mammals","42653",,"Indian Ocean","Africa","Africa"
"Mammals","42593",,"Indian Ocean","Africa","Africa"
"Mammals","42592",,"Indian Ocean","Africa","Africa"
"Mammals","42584",,"Indian Ocean","Africa","Africa"
"Mammals","42579",,"Indian Ocean","Africa","Africa"
"Mammals","42577",,"Indian Ocean","Africa","Africa"
"Mammals","42710",,"Indian Ocean","Africa","Africa"
"Mammals","42632",,"Indian Ocean","Africa","Africa"
"Mammals","42709",,"Indian Ocean","Africa","Africa"
"Mammals","42613",,"Indian Ocean","Africa","Africa"
"Mammals","42612",,"Indian Ocean","Africa","Africa"
"Mammals","42611",,"Indian Ocean","Africa","Africa"
"Mammals","42590",,"Indian Ocean","Africa","Africa"
"Mammals","42589",,"Indian Ocean","Africa","Africa"
"Mammals","42588",,"Indian Ocean","Africa","Africa"
"Mammals","42597",,"Indian Ocean","Africa","Africa"
"Mammals","42606",,"Indian Ocean","Africa","Africa"
"Mammals","42585",,"Indian Ocean","Africa","Africa"
"Mammals","42614",,"Indian Ocean","Africa","Africa"
"Mammals","42583",,"Indian Ocean","Africa","Africa"
"Mammals","42608",,"Indian Ocean","Africa","Africa"
"Mammals","42630",,"Indian Ocean","Africa","Africa"
"Mammals","42643",,"Indian Ocean","Africa","Africa"
"Mammals","42644",,"Indian Ocean","Africa","Africa"
"Mammals","42587",,"Indian Ocean","Africa","Africa"
"Mammals","42586",,"Indian Ocean","Africa","Africa"
"Mammals","42649",,"Indian Ocean","Africa","Africa"
"Mammals","42650",,"Indian Ocean","Africa","Africa"
"Mammals","42610",,"Indian Ocean","Africa","Africa"
"Mammals","42627",,"Indian Ocean","Africa","Africa"
"Mammals","42737",,"Indian Ocean","Africa","Africa"
"Mammals","42703",,"Indian Ocean","Africa","Africa"
"Mammals","42707",,"Indian Ocean","Africa","Africa"
"Mammals","42706",,"Indian Ocean","Africa","Africa"
"Mammals","42705",,"Indian Ocean","Africa","Africa"
"Mammals","42576",,"Indian Ocean","Africa","Africa"
"Mammals","42655",,"Indian Ocean","Africa","Africa"
"Mammals","42596",,"Indian Ocean","Africa","Africa"
"Mammals","42708",,"Indian Ocean","Africa","Africa"
"Mammals","42646",,"Indian Ocean","Africa","Africa"
"Mammals","42704",,"Indian Ocean","Africa","Africa"
"Mammals","42642",,"Indian Ocean","Africa","Africa"
"Mammals","42602",,"Indian Ocean","Africa","Africa"
"Mammals","42631",,"Indian Ocean","Africa","Africa"
"Mammals","42609",,"Indian Ocean","Africa","Africa"
"Mammals","42645",,"Indian Ocean","Africa","Africa"
"Mammals","42607",,"Indian Ocean","Africa","Africa"
"Mammals","42574",,"Indian Ocean","Africa","Africa"
"Mammals","42647",,"Indian Ocean","Africa","Africa"
"Mammals","42654",,"Indian Ocean","Africa","Africa"
"Mammals","42628",,"Indian Ocean","Africa","Africa"
"Mammals","42605",,"Indian Ocean","Africa","Africa"
"Mammals","42604",,"Indian Ocean","Africa","Africa"
"Mammals","42629",,"Indian Ocean","Africa","Africa"
"Mammals","42575",,"Indian Ocean","Africa","Africa"
"Mammals","42648",,"Indian Ocean","Africa","Africa"
"Mammals","42595",,"Indian Ocean","Africa","Africa"
"Mammals","42591",,"Indian Ocean","Africa","Africa"
"Mammals","42601",,"Indian Ocean","Africa","Africa"
"Mammals","42084",,"Indian Ocean","Africa","Africa"
"Mammals","42090",,"Indian Ocean","Africa","Africa"
"Mammals","42078",,"Indian Ocean","Africa","Africa"
"Mammals","42081",,"Indian Ocean","Africa","Africa"
"Mammals","42082",,"Indian Ocean","Africa","Africa"
"Mammals","42080",,"Indian Ocean","Africa","Africa"
"Mammals","42087",,"Indian Ocean","Africa","Africa"
"Mammals","42077",,"Indian Ocean","Africa","Africa"
"Mammals","42101",,"Indian Ocean","Africa","Africa"
"Mammals","42109",,"Indian Ocean","Africa","Africa"
"Mammals","42074",,"Indian Ocean","Africa","Africa"
"Mammals","42083",,"Indian Ocean","Africa","Africa"
"Mammals","42075",,"Indian Ocean","Africa","Africa"
"Mammals","42107",,"Indian Ocean","Africa","Africa"
"Mammals","42106",,"Indian Ocean","Africa","Africa"
"Mammals","42086",,"Indian Ocean","Africa","Africa"
"Mammals","42079",,"Indian Ocean","Africa","Africa"
"Mammals","42096",,"Indian Ocean","Africa","Africa"
"Mammals","51108",,"Indian Ocean","Africa","Africa"
"Mammals","51109",,"Indian Ocean","Africa","Africa"
"Mammals","42092",,"Indian Ocean","Africa","Africa"
"Mammals","42105",,"Indian Ocean","Africa","Africa"
"Mammals","42110",,"Indian Ocean","Africa","Africa"
"Mammals","42100",,"Indian Ocean","Africa","Africa"
"Mammals","42091",,"Indian Ocean","Africa","Africa"
"Mammals","42108",,"Indian Ocean","Africa","Africa"
"Mammals","42089",,"Indian Ocean","Africa","Africa"
"Mammals","42095",,"Indian Ocean","Africa","Africa"
"Mammals","42099",,"Indian Ocean","Africa","Africa"
"Mammals","42093",,"Indian Ocean","Africa","Africa"
"Mammals","42076",,"Indian Ocean","Africa","Africa"
"Mammals","42094",,"Indian Ocean","Africa","Africa"
"Mammals","42073",,"Indian Ocean","Africa","Africa"
"Mammals","42097",,"Indian Ocean","Africa","Africa"
"Mammals","42102",,"Indian Ocean","Africa","Africa"
"Mammals","42088",,"Indian Ocean","Africa","Africa"
"Mammals","42104",,"Indian Ocean","Africa","Africa"
"Mammals","42085",,"Indian Ocean","Africa","Africa"
"Mammals","42103",,"Indian Ocean","Africa","Africa"
"Mammals","51113",,"Indian Ocean","Africa","Africa"
"Mammals","51111",,"Indian Ocean","Africa","Africa"
"Mammals","42098",,"Indian Ocean","Africa","Africa"
"Mammals","51110",,"Indian Ocean","Africa","Africa"
"Mammals","51112",,"Indian Ocean","Africa","Africa"
"Mammals","3405090035",,"Indian Ocean","Africa","Africa"
"Mammals","3405090034",,"Indian Ocean","Africa","Africa"
"Mammals","3405090026",,"Indian Ocean","Africa","Africa"
"Mammals","0102010002",,"Indian Ocean","Africa","Africa"
"Mammals","9812300015",,"Indian Ocean","Africa","Africa"
"Mammals","3405090027",,"Indian Ocean","Africa","Africa"
"Mammals","3405090033",,"Indian Ocean","Africa","Africa"
"Mammals","42444",,"Indian Ocean","Africa","Africa"
"Mammals","42443",,"Indian Ocean","Africa","Africa"
"Mammals","3405090025",,"Indian Ocean","Africa","Africa"
"Mammals","3405090031",,"Indian Ocean","Africa","Africa"
"Mammals","3405090029",,"Indian Ocean","Africa","Africa"
"Mammals","3405090036",,"Indian Ocean","Africa","Africa"
"Mammals","8606010007",,"Indian Ocean","Africa","Africa"
"Mammals","3405090022",,"Indian Ocean","Africa","Africa"
"Mammals","42112",,"Indian Ocean","Africa","Africa"
"Mammals","67336",,"Indian Ocean","Africa","Africa"
"Mammals","67337",,"Indian Ocean","Africa","Africa"
"Mammals","42113",,"Indian Ocean","Africa","Africa"
"Mammals","42002",,"Indian Ocean","Africa","Africa"
"Mammals","9012190010",,"Indian Ocean","Africa","Africa"
"Mammals","42438",,"Indian Ocean","Africa","Africa"
"Mammals","42437",,"Indian Ocean","Africa","Africa"
"Mammals","42543",,"Indian Ocean","Africa","Africa"
"Mammals","42544",,"Indian Ocean","Africa","Africa"
"Mammals","42713",,"Indian Ocean","Africa","Africa"
"Mammals","42689",,"Indian Ocean","Africa","Africa"
"Mammals","42671",,"Indian Ocean","Africa","Africa"
"Mammals","42672",,"Indian Ocean","Africa","Africa"
"Mammals","42673",,"Indian Ocean","Africa","Africa"
"Mammals","42685",,"Indian Ocean","Africa","Africa"
"Mammals","42686",,"Indian Ocean","Africa","Africa"
"Mammals","42688",,"Indian Ocean","Africa","Africa"
"Mammals","46915",,"Indian Ocean","Africa","Africa"
"Mammals","42665",,"Indian Ocean","Africa","Africa"
"Mammals","42690",,"Indian Ocean","Africa","Africa"
"Mammals","42687",,"Indian Ocean","Africa","Africa"
"Mammals","42669",,"Indian Ocean","Africa","Africa"
"Mammals","42668",,"Indian Ocean","Africa","Africa"
"Mammals","42666",,"Indian Ocean","Africa","Africa"
"Mammals","42693",,"Indian Ocean","Africa","Africa"
"Mammals","42664",,"Indian Ocean","Africa","Africa"
"Mammals","42663",,"Indian Ocean","Africa","Africa"
"Mammals","42662",,"Indian Ocean","Africa","Africa"
"Mammals","42670",,"Indian Ocean","Africa","Africa"
"Mammals","46906",,"Indian Ocean","Africa","Africa"
"Mammals","46911",,"Indian Ocean","Africa","Africa"
"Mammals","42714",,"Indian Ocean","Africa","Africa"
"Mammals","46905",,"Indian Ocean","Africa","Africa"
"Mammals","46930",,"Indian Ocean","Africa","Africa"
"Mammals","46934",,"Indian Ocean","Africa","Africa"
"Mammals","46933",,"Indian Ocean","Africa","Africa"
"Mammals","46932",,"Indian Ocean","Africa","Africa"
"Mammals","46931",,"Indian Ocean","Africa","Africa"
"Mammals","46916",,"Indian Ocean","Africa","Africa"
"Mammals","46908",,"Indian Ocean","Africa","Africa"
"Mammals","46917",,"Indian Ocean","Africa","Africa"
"Mammals","46904",,"Indian Ocean","Africa","Africa"
"Mammals","46903",,"Indian Ocean","Africa","Africa"
"Mammals","46902",,"Indian Ocean","Africa","Africa"
"Mammals","46907",,"Indian Ocean","Africa","Africa"
"Mammals","46910",,"Indian Ocean","Africa","Africa"
"Mammals","46914",,"Indian Ocean","Africa","Africa"
"Mammals","46912",,"Indian Ocean","Africa","Africa"
"Mammals","46913",,"Indian Ocean","Africa","Africa"
"Mammals","42680",,"Indian Ocean","Africa","Africa"
"Mammals","46929",,"Indian Ocean","Africa","Africa"
"Mammals","42718",,"Indian Ocean","Africa","Africa"
"Mammals","42661",,"Indian Ocean","Africa","Africa"
"Mammals","42616",,"Indian Ocean","Africa","Africa"
"Mammals","42617",,"Indian Ocean","Africa","Africa"
"Mammals","42636",,"Indian Ocean","Africa","Africa"
"Mammals","42620",,"Indian Ocean","Africa","Africa"
"Mammals","42622",,"Indian Ocean","Africa","Africa"
"Mammals","42623",,"Indian Ocean","Africa","Africa"
"Mammals","42635",,"Indian Ocean","Africa","Africa"
"Mammals","42694",,"Indian Ocean","Africa","Africa"
"Mammals","42621",,"Indian Ocean","Africa","Africa"
"Mammals","3405090021",,"Indian Ocean","Africa","Africa"
"Mammals","42618",,"Indian Ocean","Africa","Africa"
"Mammals","46909",,"Indian Ocean","Africa","Africa"
"Mammals","46926",,"Indian Ocean","Africa","Africa"
"Mammals","46919",,"Indian Ocean","Africa","Africa"
"Mammals","46925",,"Indian Ocean","Africa","Africa"
"Mammals","46924",,"Indian Ocean","Africa","Africa"
"Mammals","46923",,"Indian Ocean","Africa","Africa"
"Mammals","46918",,"Indian Ocean","Africa","Africa"
"Mammals","46922",,"Indian Ocean","Africa","Africa"
"Mammals","46921",,"Indian Ocean","Africa","Africa"
"Mammals","3405090023",,"Indian Ocean","Africa","Africa"
"Mammals","42695",,"Indian Ocean","Africa","Africa"
"Mammals","42696",,"Indian Ocean","Africa","Africa"
"Mammals","42681",,"Indian Ocean","Africa","Africa"
"Mammals","42682",,"Indian Ocean","Africa","Africa"
"Mammals","42683",,"Indian Ocean","Africa","Africa"
"Mammals","42675",,"Indian Ocean","Africa","Africa"
"Mammals","42619",,"Indian Ocean","Africa","Africa"
"Mammals","42702",,"Indian Ocean","Africa","Africa"
"Mammals","42657",,"Indian Ocean","Africa","Africa"
"Mammals","42656",,"Indian Ocean","Africa","Africa"
"Mammals","42615",,"Indian Ocean","Africa","Africa"
"Mammals","42641",,"Indian Ocean","Africa","Africa"
"Mammals","42701",,"Indian Ocean","Africa","Africa"
"Mammals","42697",,"Indian Ocean","Africa","Africa"
"Mammals","46920",,"Indian Ocean","Africa","Africa"
"Mammals","42699",,"Indian Ocean","Africa","Africa"
"Mammals","42700",,"Indian Ocean","Africa","Africa"
"Mammals","42624",,"Indian Ocean","Africa","Africa"
"Mammals","42625",,"Indian Ocean","Africa","Africa"
"Mammals","42640",,"Indian Ocean","Africa","Africa"
"Mammals","42639",,"Indian Ocean","Africa","Africa"
"Mammals","42638",,"Indian Ocean","Africa","Africa"
"Mammals","42637",,"Indian Ocean","Africa","Africa"
"Mammals","42691",,"Indian Ocean","Africa","Africa"
"Mammals","42678",,"Indian Ocean","Africa","Africa"
"Mammals","42538",,"Indian Ocean","Africa","Africa"
"Mammals","42667",,"Indian Ocean","Africa","Africa"
"Mammals","42658",,"Indian Ocean","Africa","Africa"
"Mammals","42529",,"Indian Ocean","Africa","Africa"
"Mammals","42527",,"Indian Ocean","Africa","Africa"
"Mammals","42528",,"Indian Ocean","Africa","Africa"
"Mammals","42525",,"Indian Ocean","Africa","Africa"
"Mammals","42659",,"Indian Ocean","Africa","Africa"
"Mammals","42660",,"Indian Ocean","Africa","Africa"
"Mammals","42537",,"Indian Ocean","Africa","Africa"
"Mammals","42536",,"Indian Ocean","Africa","Africa"
"Mammals","42540",,"Indian Ocean","Africa","Africa"
"Mammals","42541",,"Indian Ocean","Africa","Africa"
"Mammals","42530",,"Indian Ocean","Africa","Africa"
"Mammals","42692",,"Indian Ocean","Africa","Africa"
"Mammals","42570",,"Indian Ocean","Africa","Africa"
"Mammals","42571",,"Indian Ocean","Africa","Africa"
"Mammals","42572",,"Indian Ocean","Africa","Africa"
"Mammals","42573",,"Indian Ocean","Africa","Africa"
"Mammals","42532",,"Indian Ocean","Africa","Africa"
"Mammals","42542",,"Indian Ocean","Africa","Africa"
"Mammals","42677",,"Indian Ocean","Africa","Africa"
"Mammals","42679",,"Indian Ocean","Africa","Africa"
"Mammals","42674",,"Indian Ocean","Africa","Africa"
"Mammals","42676",,"Indian Ocean","Africa","Africa"
"Mammals","42684",,"Indian Ocean","Africa","Africa"
"Mammals","42535",,"Indian Ocean","Africa","Africa"
"Mammals","42698",,"Indian Ocean","Africa","Africa"
"Mammals","42539",,"Indian Ocean","Africa","Africa"
"Mammals","42526",,"Indian Ocean","Africa","Africa"
"Mammals","42534",,"Indian Ocean","Africa","Africa"
"Mammals","42533",,"Indian Ocean","Africa","Africa"
"Mammals","42531",,"Indian Ocean","Africa","Africa"
"Mammals","9812300008",,"Indian Ocean","Africa","Africa"
"Mammals","8608040002",,"Indian Ocean","Africa","Africa"
"Mammals","9102240003",,"Indian Ocean","Africa","Africa"
"Mammals","0011200010",,"Indian Ocean","Africa","Africa"
"Mammals","9012190016",,"Indian Ocean","Africa","Africa"
"Mammals","8606010005",,"Indian Ocean","Africa","Africa"
"Mammals","9812300010",,"Indian Ocean","Africa","Africa"
"Mammals","9012190015",,"Indian Ocean","Africa","Africa"
"Mammals","9102240005",,"Indian Ocean","Africa","Africa"
"Mammals","8608240001",,"Indian Ocean","Africa","Africa"
"Mammals","3405090024",,"Indian Ocean","Africa","Africa"
"Mammals","3405090020",,"Indian Ocean","Africa","Africa"
"Mammals","0101300010",,"Pacific Ocean","Asia","Asia"
"Mammals","77743",,"Pacific Ocean","Asia","Asia"
"Mammals","86149",,"Pacific Ocean","Asia","Asia"
"Mammals","77744",,"Pacific Ocean","Asia","Asia"
"Mammals","77920",,"Pacific Ocean","Asia","Asia"
"Mammals","86150",,"Pacific Ocean","Asia","Asia"
"Mammals","76026",,"Pacific Ocean","Asia","Asia"
"Mammals","33712",,"Pacific Ocean","Asia","Asia"
"Mammals","0011280015",,"Indian Ocean","Asia","Asia"
"Mammals","9012190018",,"Indian Ocean","Asia","Asia"
"Mammals","75156",,"Indian Ocean","Asia","Asia"
"Mammals","77801",,"North Pacific Ocean","Asia","Asia"
"Mammals","77796",,"North Pacific Ocean","Asia","Asia"
"Mammals","76101",,"North Pacific Ocean","Asia","Asia"
"Mammals","77827",,"North Pacific Ocean","Asia","Asia"
"Mammals","76100",,"North Pacific Ocean","Asia","Asia"
"Mammals","77828",,"North Pacific Ocean","Asia","Asia"
"Mammals","76094",,"North Pacific Ocean","Asia","Asia"
"Mammals","76098",,"North Pacific Ocean","Asia","Asia"
"Mammals","76102",,"North Pacific Ocean","Asia","Asia"
"Mammals","77797",,"North Pacific Ocean","Asia","Asia"
"Mammals","78221",,"North Pacific Ocean","Asia","Asia"
"Mammals","77799",,"North Pacific Ocean","Asia","Asia"
"Mammals","77831",,"North Pacific Ocean","Asia","Asia"
"Mammals","77832",,"North Pacific Ocean","Asia","Asia"
"Mammals","76099",,"North Pacific Ocean","Asia","Asia"
"Mammals","77798",,"North Pacific Ocean","Asia","Asia"
"Mammals","77821",,"North Pacific Ocean","Asia","Asia"
"Mammals","77800",,"North Pacific Ocean","Asia","Asia"
"Mammals","76093",,"North Pacific Ocean","Asia","Asia"
"Mammals","77826",,"North Pacific Ocean","Asia","Asia"
"Mammals","76096",,"North Pacific Ocean","Asia","Asia"
"Mammals","76097",,"North Pacific Ocean","Asia","Asia"
"Mammals","76106",,"North Pacific Ocean","Asia","Asia"
"Mammals","76105",,"North Pacific Ocean","Asia","Asia"
"Mammals","76104",,"North Pacific Ocean","Asia","Asia"
"Mammals","76103",,"North Pacific Ocean","Asia","Asia"
"Mammals","77820",,"North Pacific Ocean","Asia","Asia"
"Mammals","91170",,"North Pacific Ocean","Asia","Asia"
"Mammals","76095",,"North Pacific Ocean","Asia","Asia"
"Mammals","78220",,"North Pacific Ocean","Asia","Asia"
"Mammals","77823",,"North Pacific Ocean","Asia","Asia"
"Mammals","78222",,"North Pacific Ocean","Asia","Asia"
"Mammals","77822",,"North Pacific Ocean","Asia","Asia"
"Mammals","77830",,"North Pacific Ocean","Asia","Asia"
"Mammals","76092",,"North Pacific Ocean","Asia","Asia"
"Mammals","77829",,"North Pacific Ocean","Asia","Asia"
"Mammals","77824",,"North Pacific Ocean","Asia","Asia"
"Mammals","77825",,"North Pacific Ocean","Asia","Asia"
"Mammals","77341",,"North Pacific Ocean","Asia","Asia"
"Mammals","78297",,"North Pacific Ocean","Asia","Asia"
"Mammals","1406120003",,"North Pacific Ocean","Asia","Asia"
"Mammals","1406120004",,"North Pacific Ocean","Asia","Asia"
"Mammals","78311",,"North Pacific Ocean","Asia","Asia"
"Mammals","78302",,"North Pacific Ocean","Asia","Asia"
"Mammals","3205190005",,"North Pacific Ocean","Asia","Asia"
"Mammals","78306",,"North Pacific Ocean","Asia","Asia"
"Mammals","78303",,"North Pacific Ocean","Asia","Asia"
"Mammals","78304",,"North Pacific Ocean","Asia","Asia"
"Mammals","78316",,"North Pacific Ocean","Asia","Asia"
"Mammals","78308",,"North Pacific Ocean","Asia","Asia"
"Mammals","78315",,"North Pacific Ocean","Asia","Asia"
"Mammals","78310",,"North Pacific Ocean","Asia","Asia"
"Mammals","78301",,"North Pacific Ocean","Asia","Asia"
"Mammals","78320",,"North Pacific Ocean","Asia","Asia"
"Mammals","78305",,"North Pacific Ocean","Asia","Asia"
"Mammals","78298",,"North Pacific Ocean","Asia","Asia"
"Mammals","78312",,"North Pacific Ocean","Asia","Asia"
"Mammals","78313",,"North Pacific Ocean","Asia","Asia"
"Mammals","78300",,"North Pacific Ocean","Asia","Asia"
"Mammals","78329",,"North Pacific Ocean","Asia","Asia"
"Mammals","78314",,"North Pacific Ocean","Asia","Asia"
"Mammals","78299",,"North Pacific Ocean","Asia","Asia"
"Mammals","78307",,"North Pacific Ocean","Asia","Asia"
"Mammals","78296",,"North Pacific Ocean","Asia","Asia"
"Mammals","78319",,"North Pacific Ocean","Asia","Asia"
"Mammals","78318",,"North Pacific Ocean","Asia","Asia"
"Mammals","78317",,"North Pacific Ocean","Asia","Asia"
"Mammals","78309",,"North Pacific Ocean","Asia","Asia"
"Mammals","109660",,"Gulf of Saint Lawrence","North America","North America"
"Mammals","16498",,"Gulf of Saint Lawrence","North America","North America"
"Mammals","109662",,"Gulf of Saint Lawrence","North America","North America"
"Mammals","3412270002",,"Gulf of Saint Lawrence","North America","North America"
"Mammals","3412270001",,"Gulf of Saint Lawrence","North America","North America"
"Mammals","14251",,"Gulf of Saint Lawrence","North America","North America"
"Mammals","10878",,"Gulf of Saint Lawrence","North America","North America"
"Mammals","14245",,"Gulf of Saint Lawrence","North America","North America"
"Mammals","14243",,"Gulf of Saint Lawrence","North America","North America"
"Mammals","14242",,"Gulf of Saint Lawrence","North America","North America"
"Mammals","14240",,"Gulf of Saint Lawrence","North America","North America"
"Mammals","14246",,"Gulf of Saint Lawrence","North America","North America"
"Mammals","14241",,"Gulf of Saint Lawrence","North America","North America"
"Mammals","14244",,"Gulf of Saint Lawrence","North America","North America"
"Mammals","14248",,"Gulf of Saint Lawrence","North America","North America"
"Mammals","14250",,"Gulf of Saint Lawrence","North America","North America"
"Mammals","22049",,"Gulf of Saint Lawrence","North America","North America"
"Mammals","18538",,"Gulf of Saint Lawrence","North America","North America"
"Mammals","22101",,"Gulf of Saint Lawrence","North America","North America"
"Mammals","18879",,"Gulf of Saint Lawrence","North America","North America"
"Mammals","18881",,"Gulf of Saint Lawrence","North America","North America"
"Mammals","28187",,"Caribbean Sea","North America","North America"
"Mammals","91239",,"North Pacific Ocean","North America","Oceania"
"Mammals","79793",,"North Pacific Ocean","North America","Oceania"
"Mammals","79794",,"North Pacific Ocean","North America","Oceania"
